case_id,housing_type,clause_category,clause_text,ground_truth_label,expected_source_id,expected_source_section,rationale
DEV_01,HDB,security_deposit,"The Tenant shall pay a security deposit equivalent to one month's rent on signing. The deposit shall not be used as rent. After the tenancy ends, the Landlord may deduct unpaid rent or reasonable costs to remedy a breach only after written notice and a fourteen-day opportunity to remedy. The balance shall be refunded when the term expires or is terminated.",no_material_difference_found,CEA_HDB_TA,Operative Part 2.2 Security Deposit,Tracks the reference deposit and written-remedy process.
DEV_02,HDB,security_deposit,"The Landlord may retain the entire security deposit immediately for any complaint from a neighbour, without giving the Tenant notice or an opportunity to respond.",review_required,CEA_HDB_TA,Operative Part 2.2 Security Deposit,Immediate retention without a written remedy process needs clarification.
DEV_03,HDB,minor_repair,"The Tenant is responsible for minor repairs up to S$200 per item per incident. Costs above S$200 are borne by the Landlord unless damage results from the Tenant's negligence.",no_material_difference_found,CEA_HDB_TA,Schedule Item 10 and Operative Part 4.2 Minor Repair,Uses a per-item repair threshold and allocates excess cost.
DEV_04,HDB,minor_repair,"The Tenant shall pay for every repair to the flat, including structural pipes and concealed electrical wiring, whatever the cause or cost.",review_required,CEA_HDB_TA,Operative Part 4.2 Minor Repair and 7.1 Maintenance of Premises,Unlimited tenant responsibility conflicts with the reference allocation of structural repair.
DEV_05,HDB,termination_notice,"If the Tenant breaches a condition, the Landlord may terminate only after written notice and failure to rectify the breach within fourteen days.",no_material_difference_found,CEA_HDB_TA,Operative Part 8.2 Right to Terminate,Tracks the reference notice-and-remedy condition.
DEV_06,HDB,termination_notice,"The Landlord may end this tenancy at any time for any reason by sending a text message on the same day.",review_required,CEA_HDB_TA,Operative Part 8.2 Right to Terminate and 11 Notices,Termination and notice terms need clarification against the reference process.
DEV_07,HDB,occupancy_subletting,"The flat may be occupied only by the Tenant and the occupants named in this Agreement. The Tenant must comply with HDB rental conditions.",no_material_difference_found,CEA_HDB_TA,Operative Part 1.1 Premises and Term,Aligns occupancy with the named agreement occupants and HDB conditions.
DEV_08,HDB,occupancy_subletting,"The Tenant may invite a reasonable number of people to reside in the flat whenever appropriate.",insufficient_evidence,,,The clause is too vague to make a supported comparison without occupancy facts or a defined limit.
DEV_09,HDB,rent_utilities,"Rent is payable monthly in advance. The Tenant shall pay charges for water, electricity, gas, sewerage, and related utilities used at the flat.",no_material_difference_found,CEA_HDB_TA,Operative Part 2.1 Rent and 2.3 Utilities,Tracks the reference allocation of rent and utilities.
DEV_10,HDB,rent_utilities,"The Landlord may decide each month what level of utilities is normal and charge the Tenant any excess without providing bills or a calculation.",review_required,CEA_HDB_TA,Operative Part 2.3 Utilities,Unspecified utility calculation and unilateral charge need clarification.
DEV_11,HDB,minor_repair,"Repairs shall be arranged appropriately by the responsible party.",insufficient_evidence,,,No party responsibility or repair threshold is stated.
DEV_12,HDB,security_deposit,"The deposit amount and the conditions for deductions will be agreed verbally after the Tenant moves in.",review_required,CEA_HDB_TA,Schedule Item 9 and Operative Part 2.2 Security Deposit,Material deposit terms are left unspecified and verbal.
DEV_13,HDB,occupancy_subletting,"The Tenant shall not sublet the flat except as permitted by the applicable HDB approval and conditions.",no_material_difference_found,CEA_HDB_TA,Operative Part 1.2 HDB Approval and Terms and Conditions,Defers subletting to the applicable HDB approval and conditions.
DEV_14,HDB,termination_notice,"A notice under this Agreement is served when delivered personally or sent by Certificate of Posting to the address stated in the Agreement.",no_material_difference_found,CEA_HDB_TA,Operative Part 11 Notices,Tracks the reference service methods.
DEV_15,HDB,termination_notice,"All notices, including termination notices, are valid only if sent as an emoji message in a group chat.",review_required,CEA_HDB_TA,Operative Part 11 Notices,The proposed service method needs clarification against the reference notice provisions.
DEV_16,Private Residential,security_deposit,"The Tenant shall pay a security deposit on signing. The Landlord may deduct reasonable sums to remedy a breach only after written notice and failure to remedy within fourteen days. The balance is refunded when the term expires or is terminated.",no_material_difference_found,CEA_PRIVATE_TA,Operative Part 2.2 Security Deposit,Tracks the reference deposit and remedy process.
DEV_17,Private Residential,security_deposit,"The Landlord may use the deposit for any loss, expense, or liability connected with the tenancy without first notifying the Tenant.",review_required,CEA_PRIVATE_TA,Operative Part 2.2 Security Deposit,Unbounded deductions without a notice process need clarification.
DEV_18,Private Residential,minor_repair,"The Tenant pays minor repairs up to S$150 per item per incident. The Landlord bears the cost above that amount unless the damage results from the Tenant's negligence.",no_material_difference_found,CEA_PRIVATE_TA,Schedule Item 10 and Operative Part 4.2 Minor Repair,Tracks the reference threshold and excess-cost allocation.
DEV_19,Private Residential,minor_repair,"The Tenant must pay all plumbing, electrical, door, and window repairs regardless of cause, age, or cost.",review_required,CEA_PRIVATE_TA,Operative Part 4.2 Minor Repair and 4.3 Maintenance of Fixtures and Fittings,Unlimited tenant responsibility needs clarification against the reference allocation.
DEV_20,Private Residential,termination_notice,"The Landlord may terminate for a tenant breach after written notice and failure to rectify within fourteen days.",no_material_difference_found,CEA_PRIVATE_TA,Operative Part 8.2 Right to Terminate,Tracks the reference notice-and-remedy condition.
DEV_21,Private Residential,termination_notice,"Either party may end the tenancy after giving sufficient notice, with the length decided later by the Landlord.",review_required,CEA_PRIVATE_TA,Operative Part 8 Termination and 11 Notices,Unspecified notice length and unilateral later decision need clarification.
DEV_22,Private Residential,occupancy_subletting,"The premises are for use as a private residence and may be occupied only by the Tenant and the occupants named in the Agreement.",no_material_difference_found,CEA_PRIVATE_TA,Operative Part 1.1 Premises and Term,Tracks the reference occupancy wording.
DEV_23,Private Residential,occupancy_subletting,"The property may be used by anyone connected with the Tenant from time to time.",insufficient_evidence,,,The relationship and permitted occupancy are too vague for a supported comparison.
DEV_24,Private Residential,rent_utilities,"Rent is payable in advance on the stated monthly date. The Tenant pays charges for water, electricity, gas, sewerage, and installed utilities used at the premises.",no_material_difference_found,CEA_PRIVATE_TA,Operative Part 2.1 Rent and 2.3 Utilities,Tracks the reference rent and utility allocation.
DEV_25,Private Residential,rent_utilities,"If rent is one day late, the Tenant shall pay S$100 per day until payment is received, in addition to any other charge the Landlord chooses.",review_required,CEA_PRIVATE_TA,Operative Part 2.1 Rent and 8.4 Default in Rent,Unbounded additional late charges need clarification.
DEV_26,Private Residential,rent_utilities,"The Landlord's agent may change the monthly rent, maintenance fee, and administrative charges at the agent's absolute discretion.",review_required,CEA_PRIVATE_TA,Operative Part 1.3 Rental Amount and 2.1 Rent,Unilateral change authority needs clarification.
DEV_27,Private Residential,minor_repair,"Maintenance will be handled fairly by the parties whenever a problem occurs.",insufficient_evidence,,,The clause does not identify responsibilities or a comparison point.
DEV_28,Private Residential,security_deposit,"The deposit balance is returned only after the Landlord and Tenant agree every deduction, with no process for written notice or remedy of a breach.",review_required,CEA_PRIVATE_TA,Operative Part 2.2 Security Deposit,The deduction process lacks the reference notice-and-remedy condition.
DEV_29,Private Residential,occupancy_subletting,"Foreign occupants must provide documents showing lawful residence in Singapore when required by the Landlord.",no_material_difference_found,CEA_PRIVATE_TA,Operative Part 3.2 Compliance with Immigration Authority,Tracks the reference immigration-document obligation.
DEV_30,Private Residential,unknown,"The parties will cooperate in a respectful manner throughout the tenancy.",insufficient_evidence,,,No supported clause category or comparison source is available.
