case_id,housing_type,ground_truth_label,expected_source_id,expected_source_section,rationale,locked_at
EXT_01,HDB,review_required,CEA_HDB_TA,Clause 2.2 / PDF page 5,"The clause permits deposit deductions without the template's written breach notice and cure period; clarify that process before signing.",2026-10-02
EXT_02,Private Residential,review_required,CEA_PRIVATE_TA,Clause 2.2 / PDF page 6,"Unbounded loss or liability and unilateral final assessment omit the template's reasonable deduction and written notice/cure safeguards.",2026-10-02
EXT_03,HDB,no_material_difference_found,CEA_HDB_TA,Clause 4.2 / PDF page 7,"The per-item cap is configurable in ITEM 10; allocation of excess repair costs and landlord responsibility for structural defects broadly match the template. Absence of a problem-free-period phrase in this isolated clause is not proof that the whole agreement omits it.",2026-10-02
EXT_04,Private Residential,review_required,CEA_PRIVATE_TA,Clause 4.2 / PDF page 8,"Tenant liability for every repair regardless of cause or amount contrasts with the capped minor-repair allocation and landlord-paid excess in the template.",2026-10-02
EXT_05,HDB,review_required,CEA_HDB_TA,Clause 8.2 / PDF page 11,"Either party's general one-month exit right materially differs from the template's enumerated landlord termination triggers and breach-cure procedure.",2026-10-02
EXT_06,Private Residential,review_required,CEA_PRIVATE_TA,Clause 7.2 / PDF page 12,"An undefined notice period decided finally by the landlord gives materially different termination discretion from the template's specified events and written breach/cure process.",2026-10-02
EXT_07,HDB,review_required,CEA_HDB_TA,Clause 5.1(d) / PDF page 9,"The clause allows subletting or assignment with landlord consent while the template's tenant covenant says not to assign or sublet; HDB approval implications remain outside this comparison.",2026-10-02
EXT_08,Private Residential,insufficient_evidence,,,"The template fixes named occupiers but does not establish whether a 30-day guest becomes an occupier or justify an additional-rent or deposit rule; the selected clause alone cannot support a specific comparison.",2026-10-02
EXT_09,HDB,review_required,CEA_HDB_TA,Clause 8.4 / PDF page 11-12,"A fixed S$10-per-day late charge differs from the template's 10% annual interest on unpaid rent after seven days.",2026-10-02
EXT_10,Private Residential,insufficient_evidence,,,"The template's rent schedule does not determine whether separate agent reminder or document fees are permitted or already specified elsewhere; silence alone cannot establish a material difference.",2026-10-02
EXT_11,HDB,review_required,CEA_HDB_TA,Clause 2.2 / PDF page 5,"The clause permits withholding disputed deductions without stating the template's written notice and fourteen-day opportunity to remedy a breach.",2026-10-02
EXT_12,Private Residential,review_required,CEA_PRIVATE_TA,Clause 4.2 / PDF page 8,"The emergency-repair exception allows work before written approval while the template requires prior written consent for repairs above the agreed cap.",2026-10-02
EXT_13,HDB,review_required,CEA_HDB_TA,Clause 8.2 / PDF page 11,"Immediate termination for any breach and automatic deposit retention contrast with the template's written notice and fourteen-day cure condition for ordinary breaches.",2026-10-02
EXT_14,Private Residential,review_required,CEA_PRIVATE_TA,Clause 7.2 / PDF page 12,"The landlord's at-will owner-occupation exit after two months differs from the template's specified landlord termination grounds; the replacement-tenant burden also needs clarification.",2026-10-02
EXT_15,HDB,review_required,CEA_HDB_TA,Schedule ITEM 6 / PDF page 2,"Open-ended reasonable occupants do not identify the permitted occupiers as the template's schedule requires for the tenancy comparison.",2026-10-02
EXT_16,Private Residential,review_required,CEA_PRIVATE_TA,Clause 5.1(d) / PDF page 9,"Conditional subletting with landlord consent and possible higher charges materially differs from the template's tenant covenant not to assign or sublet.",2026-10-02
EXT_17,HDB,review_required,CEA_HDB_TA,Clause 2.3 / PDF page 6,"Landlord-defined usual utility usage and final excess calculations replace the template's allocation of actual utility charges to the tenant.",2026-10-02
EXT_18,Private Residential,insufficient_evidence,,,"General agent assistance and advice do not state a comparable operative payment or tenancy obligation in the indexed template sections.",2026-10-02
EXT_19,HDB,insufficient_evidence,,,"The clause does not identify which party pays for particular repairs or any cost threshold, so the template's responsibility split cannot be reliably compared.",2026-10-02
EXT_20,Private Residential,review_required,CEA_PRIVATE_TA,Clause 2.2 / PDF page 6,"Broad any-amount deductions and an indefinite return after final determination omit the template's reasonable-breach deduction with written notice and cure process.",2026-10-02
